<?xml version="1.0" encoding="GBK"?>
<TranData>
	<TransId></TransId>
	<ContNo>123</ContNo>
	<BaseInfo>
		<UserCode></UserCode>
		<ManageCom></ManageCom>
		<Channel></Channel>
		<SyetemType></SyetemType>
	</BaseInfo>
	<LsLatncyCustms>
		<LsLatncyCustm>
			<CustomNo></CustomNo>
			<CustomName>lin</CustomName>
			<CustomSex>1</CustomSex>
			<CustomBirthday>20130602</CustomBirthday>
			<CustomIDType></CustomIDType>
			<CustomIDNo></CustomIDNo>
			<OccupationCode>I01</OccupationCode>
		</LsLatncyCustm>
		<LsLatncyCustm>
			<CustomNo></CustomNo>
			<CustomName>lin</CustomName>
			<CustomSex>1</CustomSex>
			<CustomBirthday>20130602</CustomBirthday>
			<CustomIDType></CustomIDType>
			<CustomIDNo></CustomIDNo>
			<OccupationCode>I01</OccupationCode>
		</LsLatncyCustm>
	</LsLatncyCustms>
	<LsAppnt>
		<AppntNo>167</AppntNo>
	</LsAppnt>
	<LsInsured>
		<InsuredNo>168</InsuredNo>
		<RelationToAppnt></RelationToAppnt>
	</LsInsured>
	<Risks>
		<Risk>
			<RiskCode>286</RiskCode>
			<SubRiskFlag>M</SubRiskFlag>
			<Flag>1</Flag>
			<PayIntv>5</PayIntv>
			<PayEndYearMode>5</PayEndYearMode>
			<PayEndYear></PayEndYear>
			<InsuYearMode>2</InsuYearMode>
			<InsuYear>7</InsuYear>
			<FirstSuperaddAmt></FirstSuperaddAmt>
			<Amnt></Amnt>
			<Prem></Prem>
			<StandbyFlag1></StandbyFlag1>
			<StandbyFlag2></StandbyFlag2>
			<StandbyFlag3></StandbyFlag3>
		</Risk>
	</Risks>
</TranData>